F????,0
F???G,1
F???W,1
F???w,1
F??@w,1
F??Bw,1
F??Fw,1
F?C?G,1
F??OW,1
F??H_,1
F??GW,2
F??Hg,1
F??J_,1
F??Gw,2
F??Jg,1
F??N_,1
F??Hw,2
F??Ng,1
F??Jw,2
F??Nw,2
F?COW,2
F?@H_,1
F??Xo,2
F??ZO,1
F??^?,1
F??Ww,2
F??gw,2
F?@Hg,1
F??Zo,2
F??^O,1
F??Xw,2
F??ZW,2
F??^G,1
F??^o,2
F??Zw,2
F??^W,2
F??^w,2
F??xo,2
F?@Xo,2
F?AZO,1
F??zo,2
F??}o,2
F??xw,2
F?@Xw,2
F?AZW,2
F??~o,2
F??zw,2
F??}w,2
F??~w,2
F?@zo,2
F?Azo,2
F?@~o,2
F?@zw,2
F?Azw,2
F?@~w,2
F?B~o,2
F?B~w,2
FGC?G,1
F??go,1
FG?OW,1
F@?M?,1
F@?GW,2
F?GQW,1
F?CeG,1
F@?Gw,2
F@?IW,2
F?GUW,1
F@?Iw,2
F@?MW,2
F@?Hw,2
F@?Mw,2
F@?Jw,2
F@?Nw,2
F@GOW,2
F?DPW,2
F?G]_,1
F@?gw,2
F?GZ_,2
F?CXW,2
F?Ogw,2
F?Cmg,2
F?GZg,2
F?G]g,2
F?G^_,2
F?GYw,2
F?G]W,2
F?GXw,2
F?G^g,2
F?G]w,2
F?GZw,2
F?G^w,2
F?DPO,1
FGCOW,2
F?o_g,1
F?CZ?,2
F?Opo,2
F?HSo,1
FG?[o,2
F?D`o,2
F?Dco,2
F@@Gw,2
FG?Ww,2
F?_ZG,1
F_?gw,2
F?D_w,2
F?Oto,2
F?Dbo,2
F?Ddo,2
FG?Xw,2
F@@Kw,2
FG?[w,2
F?D`w,2
F?Dcw,2
F?Dfo,2
FG?\w,2
F?Dbw,2
F?Ddw,2
F?Dfw,2
F?C^?,2
F?CWw,3
F?C^G,2
F?CZW,2
F?CXw,3
F?C^W,2
F?CZw,3
F?C^w,3
FG@Xo,2
F@Aio,2
F?O|o,2
F?Djo,2
F?Dlo,2
F?O~_,2
F?Oxw,2
F?`Xw,2
F?HXw,2
FG@Xw,2
F?C}W,2
F@Aiw,2
F?Dno,2
F?O|w,2
F?Ozw,2
F?H\w,2
F?O~g,2
F?O~w,2
F?O|_,2
F_?xo,2
F?C~?,2
F_?zo,2
F?Fbo,2
F?O|g,2
F_?xw,2
F?C~G,2
F?Ffo,2
F_?zw,2
F?Fbw,2
F?Ffw,2
F?C~O,2
F?Czo,3
F?C}o,2
F?Cxw,3
F?DXw,3
F?C~o,3
F?C~W,2
F?Czw,3
F?C}w,3
F?C~w,3
F?`zo,2
F?P|o,2
F_Azo,2
F?`~o,2
F?`zw,2
F?P|w,2
F_Azw,2
F?`~w,2
F?Dzo,3
F?Ezo,3
F?D~o,3
F?Dzw,3
F?Ezw,3
F?D~w,3
F?F~o,3
F?F~w,3
F?Oxo,2
F@GWw,3
F?KuW,2
F@GYw,3
F@G]W,2
F@GXw,3
F@G]w,3
F@GZw,3
F@G^w,3
FI?go,2
FGDHg,2
F?Sv?,2
F@Ogw,2
FI?gw,2
F@IQW,2
F?DXo,2
F?WXg,2
F?SsW,2
FAG^G,2
FACjW,2
FAClW,2
F@DLW,2
F@DNG,2
FAChw,2
F?SrW,2
FAG[w,2
F?StW,2
FACnW,2
F?Srw,2
FAClw,2
F?SvW,2
F?Svw,2
F@G]?,2
F?db_,2
F?opg,2
F?StG,2
F?KuG,2
F?C}O,2
F?df_,2
F?org,2
F?YRg,2
F?opw,2
F?hPw,2
F?ovg,2
F?dbw,2
F?dfw,2
FAOxo,3
F@IYo,2
FHGWw,3
F@H]o,3
F?Lro,3
F?Lto,3
F?Luo,3
F@HYw,3
F@IYw,3
F?Lvo,3
F@H]w,3
F?Lrw,3
F?Ltw,3
F@Dmw,3
F?Lvw,3
Fo@Xo,2
F?xPg,2
F?oz_,2
F@FNO,2
F?NRo,2
F?dro,2
F?NVO,2
FGQXw,2
F_Oxw,2
Fo@Xw,2
F@C}W,2
F?NVo,2
FCDnW,2
F@FJw,2
FCDjw,2
F?dvW,2
F@FNw,2
F?K~_,3
F?Lpw,3
F?Kxw,3
F?K~g,3
F?Kzw,3
F?K}w,3
F?K~w,3
F?S~_,3
F@Diw,3
FAEhw,2
F@Dkw,3
F?W}g,2
F?Sxw,3
F?XXw,2
F?dXw,3
F?S~g,3
F?Szw,3
F?S|w,3
F?S~W,2
F?S~w,3
F?dn_,2
F?ozg,2
F?YZg,2
F?K}W,2
F?Miw,2
F?o~g,2
F?djw,2
F?dnw,2
F@J]o,3
F?Nvo,3
F@J]w,3
F?Nvw,3
F@H}o,3
F?L~o,3
F@H}w,3
F?Lzw,3
F?Mzw,3
F?L~w,3
F@Fmo,3
F?N^o,3
F@Fmw,3
F?Uzw,3
F?dzw,3
F?qzw,2
F?d~w,3
F?N~o,3
F?N~w,3
FIOxo,3
F?\v_,3
FIOxw,3
F?\pw,3
F?dzo,3
F?\vg,3
F?\rw,3
F?\tw,3
F?\vw,3
F?lv_,3
FPHYw,3
FHH[w,3
FBFLW,3
F?Mzo,3
F?szg,3
F?luW,2
F?lvg,3
F?lrw,3
F?luw,3
F?lvw,3
FIQ|o,3
F?|rg,3
F?l~_,3
F?^vo,3
FIQ|w,3
F?^vw,3
F?\~g,3
F?\zw,3
F?\|w,3
F?\~w,3
F?l~g,3
F?uzw,3
F?l~w,3
F?^~w,3
F?~v_,3
F?~vg,3
F?~rw,3
F?~vw,3
F?~~w,3
F_GOW,1
F`?GW,2
FCO_w,1
F`?Gw,2
F@`@w,2
F`?Hw,2
F`?Jw,2
F`?Nw,2
F@IQO,1
F`GOW,2
F@MAG,2
F@O\G,2
FCOpW,2
F`?gw,2
F_GZ_,2
F@OsW,2
F@`J_,2
FCDHW,2
FCOjg,2
F@QJg,2
F@`Jg,2
F_G^_,2
FA_hw,2
F_GXw,2
F@`Hw,2
F@`Ng,2
F_GZw,2
F@`Jw,2
F_G^w,2
FJ?GW,2
FGCXW,2
FGC[W,2
FGD_w,2
FGC^?,2
FGCWw,3
FGC\W,2
FGC^G,2
FGCZW,2
FGCXw,3
FGC[w,3
FGC^W,2
FGC\w,3
FGCZw,3
FGC^w,3
F`AZO,2
F@`Zo,2
FAIZo,2
FAI^O,2
FCOxw,2
F@O{w,2
FOPXw,2
FG`Xw,2
F@P\W,2
F`AZW,2
FAI^o,2
FCOzw,2
FAIZw,2
FCO~W,2
FAI^w,2
F@MQW,2
FASpW,2
FGC|o,3
FAG}o,2
FGCzo,3
FGC}o,3
FGCxw,3
FAHXw,2
FGDXw,3
FGC~o,3
FGC|w,3
F@O}w,2
FGCzw,3
FGC}w,3
FGC~w,3
F`BHo,2
FODZo,3
FGE^O,2
FGEZo,2
FOCyw,3
F_Cxw,3
F@RHw,2
F`BHw,2
FGE^o,3
F_Czw,3
FGE^W,2
FGEZw,3
FGE^w,3
FODzo,3
FAJ\o,2
FGD|o,3
F_Ezo,3
F@`~o,3
FODzw,3
FAJ\w,2
FGD|w,3
F_Ezw,3
F@`~w,3
FGDzo,3
FGD~o,3
FGDzw,3
FGD~w,3
FGF~o,3
FGF~w,3
FoDPO,2
F@oZG,2
F_WXg,2
Fq?gw,2
FoDPW,2
FPCYW,2
FI_gw,2
F`Ogw,2
FDHGw,2
FGoXg,2
FGcuW,2
FHEIw,2
FPDIw,2
FB_mW,2
FQG]W,2
F@hQw,2
F@YQw,2
F@hUW,2
F@hPw,2
FPO]w,2
F@YUw,2
FPDJw,2
F@hVw,2
FG`Xo,2
F?Sz_,3
FGDXo,3
FALcw,3
FGSsw,3
FIGXw,3
FIG\w,3
FIGZw,3
FIG^w,3
FANLg,3
FGL\g,3
FDHZW,3
FBJKw,3
F@h^_,3
F@Miw,3
F@h^g,3
F@Y]w,3
F@djw,3
F@h^w,3
FJOgw,3
FIHXw,3
FGS~_,3
FAczW,3
F@XXw,3
FAW~g,3
FGS|w,3
F@X\w,3
FGSzw,3
FGS~w,3
FCUj_,3
FCS~?,3
FAYto,3
F@Vdo,3
FANbo,3
FIIXw,3
FII[w,3
FANfo,3
FII\w,3
FHFLw,3
FANbw,3
FANfw,3
FHFHw,3
F@Kyw,3
F@MYw,3
FASxw,3
FGSxw,3
FAK}W,3
F@S~W,3
FAK|w,3
FAKzw,3
F@L]w,3
FAK~W,3
FAK~w,3
FANcw,3
FCS~W,3
FCSzw,3
FCS~w,3
FIJ\o,3
FANno,3
FChzw,3
FAYzw,3
FIJ\w,3
FAY~w,3
FAM~o,3
F@h}w,3
F@dzw,3
F@Uzw,3
FAN\w,3
FOL}w,3
F@d~w,3
FAL~o,3
FALzw,3
FAL~w,3
FAN~o,3
FAN~w,3
F_Oxo,2
FoD_w,2
F`GWw,3
F_KuW,2
F`GYw,3
F`G]W,2
F`GXw,3
F`G]w,3
F`GZw,3
F`G^w,3
FI_xo,3
FK`Xo,3
FIEho,3
FhGWw,3
FCdrO,2
FQO|o,3
FCXro,3
FCXto,3
F_Lto,3
FI_xw,3
F`QXw,2
F`IYw,3
FCXvo,3
FI_|w,3
F_Lrw,3
FH`\w,3
F_Ltw,3
F_Lvw,3
FKdPW,2
FJ_gw,2
FCUrO,2
FYCXW,3
FgC|o,3
FAhto,2
F@pro,3
F@pto,3
FgCxw,3
FoDXw,3
F@pvo,3
FgC|w,3
FGdtw,2
FgCzw,3
FWD\w,3
FgC~w,3
FAMn_,3
FHDkw,3
FANTW,2
FHFKw,3
FKHXw,3
FKDhw,2
FDPkw,2
F`Dkw,3
FAK|W,3
FCSzW,2
FAS|W,2
FGdXw,3
F_hXw,2
FAMng,3
FAg~g,3
FOSzw,3
FGczw,3
FCLmw,2
FOL]w,3
FGc~w,3
F_K~_,3
F_Lpw,3
F`FHw,2
F_Kyw,3
F_Kxw,3
F_oxw,2
F_K~g,3
F_Kzw,3
F_K}w,3
F_K~w,3
F@NN_,3
F@NUW,2
F@NJg,3
FCXsw,2
FWDXw,3
F@K}W,3
F@NNg,3
F@o~g,3
F@NMw,2
F@ozw,3
F@o~w,3
FoDzo,3
F@rvo,3
FoDzw,3
F@rvw,3
F_Nro,3
F_L~o,3
F_Nrw,3
FCXzw,3
FAh|w,3
F_Mzw,3
F_L~w,3
FgEzo,3
F@p~o,3
FgEzw,3
F@pzw,3
F@qzw,3
F@p~w,3
F@r~o,3
F@r~w,3
FwCOW,2
FgCXW,2
FWCWw,3
F@pHg,2
Fw?Ww,2
F@K]G,2
FWC]W,2
FWCYw,3
F@ouW,2
F@NAw,2
F@N@w,3
FWC]w,3
F@NEw,2
FWCZw,3
F@NFw,3
F@Kxw,4
F@K}w,3
F@Kzw,4
F@K~w,4
F@N^o,3
F@N]w,3
F@Nmw,3
F@L}w,3
F@N^w,3
F@L~o,4
F@Lzw,4
F@Mzw,4
F@L~w,4
F@N~o,4
F@N~w,4
FINLg,3
FIoxw,3
F_]rg,3
FBW{w,3
F_\pw,3
FCdzo,3
FC\tW,3
FBdnW,3
FC\rw,3
FBY\w,3
FC\vW,3
FC\vw,3
FqOxo,3
F_lv_,3
FpHYw,3
FCL~O,3
F_Mzo,3
F@Nmo,3
FCxvg,3
F_lrw,3
FGurw,3
F_lvw,3
F_}rg,3
F@vvo,3
FSpzw,3
FCx~g,3
F@vvw,3
FC^rw,3
FC\zw,3
FC\|w,3
F_lzw,3
FC\~w,3
F@^uw,3
FENjw,3
FAlzw,3
F@l}w,3
FAl~w,3
FGuzw,3
F_l~w,3
F@v~w,3
FDTlW,3
FgSxw,3
FEMjW,3
FiIXw,3
FDdjW,3
FHpXw,3
FDLmW,3
FJQkw,3
FCUzo,3
FC]rW,3
F@L}o,3
FAwzg,3
F@U~O,3
FELnW,3
FBNNW,3
FA]tw,3
FELjw,3
FEW|w,3
FAlvW,3
FELnw,3
FISxw,4
FALzo,3
F@pzo,3
FIKxw,4
FHL]w,4
FBW}w,3
FIKzw,4
FIK|w,4
FIK~w,4
FHMYw,3
FDLiw,3
F@luW,3
F@Mzo,3
FHM]w,3
F@luw,3
FPLZw,3
F@lvw,3
F@^vo,4
FHN]w,4
F@l~g,4
FHN^w,4
FHL}w,4
F@\zw,4
F@\|w,4
F@\~w,4
F@l~w,4
F@^~w,4
F@~vg,4
FC~rw,3
F@~rw,4
F@~vw,4
F@~~w,4
FIM~o,4
FDhzw,4
FBZ\w,3
FIL|w,4
FIN\w,4
FIM~w,4
FJXXw,4
FIL~o,4
FILzw,4
FIL~w,4
FIN~o,4
FIN~w,4
F?ur_,3
FWEYo,3
FGM]_,3
FDZ@w,3
F`hPw,3
FSXPw,3
FoSrw,3
FoSvw,3
F`YZg,3
FpDiw,3
F`dn_,3
FQK}W,3
F`Miw,3
FQMZW,3
FQo~g,3
F`djw,3
F`dnw,3
FINTW,3
F`XXw,3
FIM^W,3
FIc|w,3
FKS~W,3
FKSzw,3
FKS~w,3
FoSz_,3
FqSpW,3
FoS~_,3
FqHXw,3
FhFHw,3
FaMjg,3
FIMkw,3
FBqng,3
FoSzw,3
Fgczw,3
FIiZw,3
FoS~w,3
FPV^o,3
FcLzw,3
FQqzw,3
F`Uzw,3
FKUzw,3
FPp}w,3
F`U~w,3
FPT~o,3
FHdzw,3
FDYzw,3
FPT~w,3
FElrW,3
FEhzo,3
FDZ^o,3
FEYzw,3
FEhzw,3
FDZ^w,3
FDZ~o,3
FDZ~w,3
Fo\sw,3
FMoxw,4
FDhzo,4
FRY]w,4
FS\rw,4
FS\vw,4
Fc\pw,3
FKdzo,3
FJW{w,3
FiKxw,4
FkSxw,4
FYSxw,4
FC|rg,3
FRX\w,3
FiK|w,4
FiKzw,4
FXT\w,4
FiK~w,4
FS\~_,4
FBzvo,4
Fdhzw,4
FiM~w,4
FIm~g,4
FS\zw,4
FIm~w,4
FBz~w,4
FiMzw,4
FI]|w,4
FJZ\w,4
FBx~w,4
FBxzw,4
FB\zw,4
FD\zw,4
FB\~w,4
FDxzw,4
FHt|w,4
FDlzw,4
FD\~w,4
FB^~w,4
Fqdhw,4
FsXXw,3
FMhXw,4
Folqw,3
F@l~_,4
FDxZg,3
FXd]w,4
FP^Uw,4
F[Szw,4
FFhmw,3
FD^fw,4
FDx~g,4
Fclzw,4
FD^vW,4
FHu~w,4
FEl~W,3
FElzw,3
FEl~w,3
FD^~w,4
Fimzw,4
FI~tw,4
FFxzw,4
FD^~o,4
FFx~w,4
FB~~w,4
F@~v_,4
Fdhzo,4
Fs\rw,4
Fs\vw,4
F}oxw,4
F]qzw,4
Fs\zw,4
Fs\~w,4
FF~vW,4
FFz~w,4
FF~~w,4
FGeZ_,2
FwCWw,3
FTPHw,2
F`N@w,3
FwCZw,3
FwC^w,3
FaK|W,3
FPLYw,3
FKdXw,3
FaK~W,3
FQS|w,3
F`LZw,3
FQL^W,3
FaK|w,3
F`L^w,3
FwDXo,3
F`NJg,3
FwDXw,3
F`o~_,3
FQMiw,2
F`K}W,3
F`o~g,3
F`ozw,3
F`o~w,3
F`Kyw,3
F`Kxw,4
F`K}w,3
F`Kzw,4
F`K~w,4
F`N^o,3
FKdzw,3
F`NZw,3
F`qzw,3
F`N^w,3
F`L~o,4
F`Lzw,4
F`Mzw,4
F`L~w,4
F`N~o,4
F`N~w,4
FQluW,3
FeKzW,3
FKszg,3
FwdXw,3
FDlrW,3
FRh]w,3
FTXZw,3
FTX^w,3
Fqoxw,4
FqSxw,4
FqhXw,3
FdSzW,3
F`Mzo,4
F`luW,3
FpL]w,4
FpLZw,4
FdW}w,3
F`lvw,4
FySxw,4
FQl~_,3
F`^vo,4
FTpzw,4
FhN^w,4
FhNZw,4
F`\zw,4
FK\|w,3
F`\|w,4
F`\~w,4
FKl~g,3
FQl~w,3
F`l~g,4
FKuzw,3
F`l~w,4
F`^~w,4
F{dzw,4
F`~rw,4
F`~vw,4
F`~~w,4
FqLzo,4
FqL~o,4
FqLzw,4
FRqzw,4
FdYzw,4
FqL~w,4
FqN~o,4
FqN~w,4
FD^vO,4
F`l~_,4
FdlrW,4
F{Szw,4
F{S~w,4
F}hXw,4
Frqzw,4
Fhuzw,4
Fql~w,4
FJz\w,4
FMlzw,4
FMl~w,4
Fd^~w,4
F\^]w,4
FMn~o,4
FR~vw,4
FR~~w,4
Fqlzw,4
Fdlzw,4
FT\}w,4
Fd\~w,4
FT\~w,4
FJn~w,4
Fd\zw,4
FJ]|w,4
FR\~w,4
FJ\|w,4
FJ\zw,5
FJ\~w,5
FJ^~w,5
FJ~~w,5
FN~~w,5
F]\|w,4
Fr\zw,5
Fj]|w,5
Fr\~w,5
Ft\~w,5
Fr^~w,5
F}lzw,5
F}l~w,5
Fr~~w,5
F^~~w,5
F~~~w,6
G?????,0
G????C,1
G????K,1
G????[,1
G????{,1
G???@{,1
G???B{,1
G???F{,1
G??G?C,1
G???OK,1
G???Go,1
G???GK,2
G???Gs,1
G???Ho,1
G???G[,2
G???Hs,1
G???Jo,1
G???G{,2
G???Js,1
G???No,1
G???H{,2
G???Ns,1
G???J{,2
G???N{,2
G??GOK,2
G??@Go,1
G???Ww,2
G???Xg,1
G???Z_,1
G???W[,2
G???g[,2
G??@Gs,1
G???Xw,2
G???Zg,1
G???^_,1
G???W{,2
G???Xk,2
G???Zc,1
G???Zw,2
G???^g,1
G???X{,2
G???Zk,2
G???^c,1
G???^w,2
G???Z{,2
G???^k,2
G???^{,2
G???ww,2
G??@Ww,2
G??AXg,1
G??CZ_,1
G???xw,2
G???zW,2
G???~G,1
G???w{,2
G??@W{,2
G??AXk,2
G??CZc,1
G???zw,2
G???~W,2
G???x{,2
G???z[,2
G???~K,2
G???~w,2
G???z{,2
G???~[,2
G???~{,2
G??@xw,2
G??Axw,2
G??CzW,2
G??@zw,2
G??@}w,2
G??@x{,2
G??Ax{,2
G??Cz[,2
G??@~w,2
G??@z{,2
G??@}{,2
G??@~{,2
G??Bzw,2
G??Dzw,2
G??B~w,2
G??Bz{,2
G??Dz{,2
G??B~{,2
G??F~w,2
G??F~{,2
G@?G?C,1
G???gW,1
G@??OK,1
G?C?J?,1
G?C?GK,2
G??OPK,1
G??GbC,1
G?C?N?,1
G?C?G[,2
G?C?HK,2
G??ORK,1
G??GfC,1
G?C?H[,2
G?C?JK,2
G?C?G{,2
G??OVK,1
G?C?J[,2
G?C?NK,2
G?C?H{,2
G?C?N[,2
G?C?J{,2
G?C?N{,2
G?COOK,2
G??HOk,2
G??OZO,1
G??O^?,1
G??Gok,2
G??OXo,2
G??GWk,2
G??_g[,2
G??GjS,2
G??O^C,1
G??O^O,1
G??OXs,2
G??OZS,2
G??OZo,2
G??OX[,2
G??OZK,2
G??OW{,2
G??GnS,2
G??OZs,2
G??O^S,2
G??O^o,2
G??OZ[,2
G??O^K,2
G??OX{,2
G??O^s,2
G??O^[,2
G??OZ{,2
G??O^{,2
G??HOg,1
G@?GOK,2
G?@__S,1
G_?@Go,1
G??GX_,2
G??_ow,2
G??PQW,1
G@??YW,2
G??HeG,1
G?C@MG,1
G??H_w,2
G??HaW,2
G??OXS,2
G@??W[,2
G?@?Xc,1
GG??g[,2
G_?@Gs,1
G??GXc,2
G??_qw,2
G??PUW,1
G@??]W,2
G??H`w,2
G??Haw,2
G??HeW,2
G@??W{,2
G?C@I[,2
G@??Y[,2
G??_uK,1
G?C@MK,2
G??H_{,2
G??Ha[,2
G??_uw,2
G??Hbw,2
G??Hew,2
G@??Y{,2
G??_u[,2
G@??][,2
G??H`{,2
G??Ha{,2
G??He[,2
G??Hfw,2
G@??]{,2
G??Hb{,2
G??He{,2
G??Hf{,2
G??GZ_,2
G??GW[,3
G??GZc,2
G??G^_,2
G??GXk,2
G??GW{,3
G??G^c,2
G??GZk,2
G??GX{,3
G??G^k,2
G??GZ{,3
G??G^{,3
G@?@Ww,2
G?CAhW,2
G??MPg,1
G??_yw,2
G??P]W,2
G??_}o,2
G??Hhw,2
G??Hiw,2
G??_zo,2
G??HmW,2
G??P]o,2
G??_w{,2
G?@@W{,2
G?AAXk,2
G??PW{,2
G@?@W{,2
G??GzK,2
G?CAh[,2
G??MPk,2
G??_}w,2
G??Hjw,2
G??Hmw,2
G??_~o,2
G??_y{,2
G??_}[,2
G??_}s,2
G??_x{,2
G??PY{,2
G??_zs,2
G??Hm[,2
G??P]s,2
G??Hnw,2
G??_}{,2
G??_z{,2
G??P]{,2
G??_~s,2
G??_~{,2
G??_yo,2
GG??ww,2
G?CBKW,1
G_?@Ww,2
G??Gz_,2
G??JcW,2
GG??xw,2
G@?A[w,2
GG??{w,2
G??J`w,2
G??Jcw,2
G??_ys,2
GG??w{,2
G?CBK[,2
G_?@W{,2
G??Gzc,2
G??Jc[,2
GG??|w,2
G??Jbw,2
G??Jdw,2
GG??x{,2
G@?A[{,2
GG??{{,2
G??J`{,2
G??Jc{,2
G??Jfw,2
GG??|{,2
G??Jb{,2
G??Jd{,2
G??Jf{,2
G??Gzg,2
G??G~G,2
G??G~_,2
G??Gxw,3
G??GzW,2
G??Gw{,3
G??HW{,3
G??G~g,2
G??Gzw,3
G??G~W,2
G??Gzk,2
G??G~K,2
G??G~c,2
G??Gx{,3
G??Gz[,3
G??G~w,3
G??G~k,2
G??Gz{,3
G??G~[,3
G??G~{,3
G?@@xw,2
G?AAxw,2
G??`yw,2
GG?Axw,2
G??P}W,2
G@?DYw,2
G?@@|w,2
G?@@zw,2
G??a|w,2
G?@@~o,2
G?@@x{,2
G?AAx{,2
G??`y{,2
GG?Ax{,2
G??P}[,2
G@?DY{,2
G?@@~w,2
G?@@|{,2
G?@@z{,2
G??a|{,2
G?@@~s,2
G?@@~{,2
G?@@|o,2
G_?@xw,2
G??H~_,2
G_?@zw,2
G??Nbw,2
G?@@|s,2
G_?@x{,2
G??H~c,2
G??Nfw,2
G_?@z{,2
G??Nb{,2
G??Nf{,2
G??Hxw,3
G??Ixw,3
G??KzW,2
G??H~g,2
G??Hzw,3
G??H}w,3
G??Hx{,3
G??Ix{,3
G??Kz[,3
G??H~w,3
G??H~k,2
G??Hz{,3
G??H}{,3
G??H~{,3
G?ABzw,2
G?@B|w,2
G_?Dzw,2
G?AB~w,2
G?ABz{,2
G?@B|{,2
G_?Dz{,2
G?AB~{,2
G??Jzw,3
G??Lzw,3
G??J~w,3
G??Jz{,3
G??Lz{,3
G??J~{,3
G??N~w,3
G??N~{,3
G??_ww,2
G?CO^?,2
G?COW[,3
G??WrK,2
G??WvC,2
G?COX[,3
G?COZK,2
G?COW{,3
G??WvK,2
G?COZ[,3
G?CO^K,2
G?COX{,3
G?CO^[,3
G?COZ{,3
G?CO^{,3
G@G?gW,2
G@?HGs,2
G??gr_,2
G?CHM_,1
G?C_g[,2
G@G?g[,2
G?CQPK,2
G??HWw,2
G??oWs,2
G??gqK,2
G?GOZc,2
G?GO]c,2
G??gv_,2
G?GGhk,2
G?GGik,2
G?CHIk,2
G?CHJc,2
G?CHMK,2
G?GGmc,2
G?CHMc,2
G?GGg{,2
G??gpk,2
G?GOY[,2
G??gqk,2
G??guK,2
G?GO^c,2
G?GGjk,2
G?GGmk,2
G?CHMk,2
G?CHNc,2
G??gp{,2
G?GGi{,2
G??grk,2
G??gu[,2
G??guk,2
G?GGnk,2
G??gr{,2
G?GO]{,2
G??gvk,2
G??gv{,2
G?COZ?,2
G?@H`o,2
G??ZCo,2
G?@PSo,1
G?@_os,2
G??gqc,2
G??WrC,2
G??sQS,2
G??ZCS,1
G??GzG,2
G?@HcK,1
G?@Hbo,2
G?@Hdo,2
G?@_ps,2
G??qPs,2
G?@_ss,2
G?@PSs,2
G??ZCs,2
G?@_o{,2
G?@PO{,2
G??ZC[,2
G?@Hfo,2
G?@_rs,2
G?@_ts,2
G??qTs,2
G?@H`{,2
G?@_s{,2
G?@PS{,2
G?@_vs,2
G?@Hb{,2
G?@Hd{,2
G?@Hf{,2
G?G_ww,3
G?CQXW,2
G@COW[,3
G?@_xo,2
G?B?xo,2
G?CPZW,3
G?CP]W,2
G?CHnG,2
G??Xpw,3
G??Xqw,3
G??XrW,3
G??XuW,2
G??XvG,2
G?CPX[,3
G?CQX[,3
G?CP^W,3
G??Xrw,3
G??Xuw,3
G??XvW,3
G?CPZ[,3
G?CP][,3
G?CP^K,2
G??Xp{,3
G??Xq{,3
G?CHj[,3
G?CHm[,3
G??XvK,2
G??Xvw,3
G?CP^[,3
G??Xr{,3
G??Xu{,3
G?CHn[,3
G??Xv{,3
GI?@Ww,2
G@GCiW,2
G?@pOs,2
G??m_w,2
G?@P[o,2
G?CJJg,2
G?CJLg,2
G?OHlg,2
G?CJN_,2
G??ZPw,2
G?@Hpw,2
G??ZRg,2
G??ZSw,2
G??isw,2
G??ZTg,2
G?@Htg,2
G@?aW{,2
GG?_w{,2
GI?@W{,2
G?CP]K,2
GC?QX[,2
G@GCi[,2
G?CGzK,2
G?CJNg,2
G??ZRw,2
G??ZTw,2
G?@Htw,2
G??ZVg,2
G?OHjk,2
G?GIlk,2
G?OHlk,2
G?CJNc,2
G?CJH{,2
G?OHh{,2
G?@Hrk,2
G?CJK{,2
G?GIk{,2
G??itk,2
G?@Htk,2
G??ZVw,2
G?OHnk,2
G?CJJ{,2
G??it{,2
G?OHl{,2
G?@Hvk,2
G?CJN{,2
G??Xv?,2
G?@Ht_,2
G?B@po,2
G?B_os,2
G?@cro,2
G?B@ro,2
G??^@w,2
G?@L`w,2
G?B@pw,2
G??XvC,2
G?@Htc,2
G?B@ps,2
G??W~C,2
G?AOzS,2
G?B@vo,2
G??^Bw,2
G?AJbw,2
G?@crs,2
G?B@rs,2
G??uP{,2
G?Aap{,2
G?B@p{,2
G??^Fw,2
G?B@vs,2
G?@cr{,2
G?B@r{,2
G?B@v{,2
G??Wzo,3
G??W~O,2
G??Xo{,3
G??Ww{,3
G??WzK,2
G??W~o,3
G??Wzs,3
G??W~S,2
G??Wx{,3
G??Wz[,3
G??W~K,2
G??W~s,3
G??Wz{,3
G??W~[,3
G??W~{,3
G??gzo,3
G??g}o,2
G??g~_,2
G??gxs,3
G?GIg{,2
G?CHi[,3
G??ozS,2
G?CJK[,2
G??X]c,2
G??gw{,3
G??pW{,2
G?@HW{,3
G??Yh[,2
G??g}K,2
G??g~o,3
G??gzs,3
G??g}s,2
G??X]s,3
G??g~c,2
G??gx{,3
G??gy{,3
G??gzk,2
G??g}[,3
G??g}k,2
G??g~s,3
G??gz{,3
G??g}{,3
G??g~k,2
G??g~{,3
G?@Hjo,2
G?@Hlo,2
G?@_xs,2
G??qXs,2
G?B?xs,2
G?APYs,2
G??ZKs,2
G?@Hno,2
G?@_zs,2
G?@_|s,2
G??q\s,2
G?@Hh{,2
G?@_{{,2
G?@P[{,2
G?@_~s,2
G?@Hj{,2
G?@Hl{,2
G?@Hn{,2
G?CRZW,3
G?CTZW,3
G?CR^W,3
G??Zrw,3
G??Ztw,3
G?CJnW,3
G?CRZ[,3
G?CTZ[,3
G??Zvw,3
G?CR^[,3
G??Zr{,3
G??Zt{,3
G?CJn[,3
G??Zv{,3
GG@@{w,2
G_@@xw,2
Go?Axw,2
G??mpw,2
G?_Jng,2
G?CNJw,2
G?_Jjw,2
G?AJvg,2
GG@@{{,2
G_@@x{,2
Go?Ax{,2
G??mp{,2
G?CNNw,2
G?_Jnk,2
G?CNJ{,2
G?_Jj{,2
G?AJvk,2
G?CNN{,2
G?CPzW,3
G??Zsw,3
G??X~o,3
G??Xzw,3
G??X}w,3
G??X~W,3
G?CPz[,3
G??Zs{,3
G??Xx{,3
G??Yx{,3
G??X~w,3
G??X~s,3
G??Xz{,3
G??X}{,3
G??X~[,3
G??X~{,3
G?CJjW,3
G??i|o,3
G?OLhw,2
G?@`}o,2
G?@H~o,3
G??ZZw,3
G??Z\w,3
G?@H|w,3
G??Z^g,2
G?CJj[,3
G??i|s,3
G?OLh{,2
G?@`}s,2
G??ix{,3
G?@Hx{,3
G?@ax{,2
G??X}[,3
G?AIx{,3
G??tY{,2
G??Z^w,3
G?@H~s,3
G?@Hz{,3
G??i|{,3
G?@H|{,3
G?@H~k,2
G?@H~{,3
G?@czo,2
G?B@zo,2
G?B@~o,2
G??^Jw,2
G?AJjw,2
G?@czs,2
G?B@zs,2
G??p}[,2
G?A`y{,2
G?B@x{,2
G??^Nw,2
G?B@~s,2
G?@cz{,2
G?B@z{,2
G?B@~{,2
G?CV^W,3
G??^vw,3
G?CV^[,3
G??^v{,3
G??^rw,3
G??Zzw,3
G??\zw,3
G??Z~w,3
G??^r{,3
G??Zz{,3
G??\z{,3
G??Z~{,3
G?CNnW,3
G?@J|w,3
G?AJzw,3
G?BDzw,2
G?AJ~w,3
G?CNn[,3
G?@J|{,3
G?AJz{,3
G?BDz{,2
G?AJ~{,3
G??^~w,3
G??^~{,3
G@G_ww,3
G??xro,3
G??xuo,3
G@G_w{,3
G??xo{,3
G?@Hxw,3
G??xuK,2
G??xvo,3
G??xrs,3
G??xus,3
G??xp{,3
G??xq{,3
G??xu[,3
G??xvs,3
G??xr{,3
G??xu{,3
G??xv{,3
G?@Xro,3
G?@Xto,3
G?@XvO,3
GACPX[,3
G@CPY[,3
G?KJIk,3
G??{qs,3
G??|Qs,3
G??Yxw,3
G?@gxs,3
G?@XrK,2
G?@Xs[,3
G??y\c,2
G?@Xvo,3
G?@Xrs,3
G?@Xts,3
G??yts,3
G?@XvS,3
G?@Xp{,3
G?@Xr[,3
G?@Xs{,3
G?@Xt[,3
G?@XvK,2
G?@Xvs,3
G?@Xr{,3
G?@Xt{,3
G?@Xv[,3
G?@Xv{,3
G?Bapo,2
G?AZRo,2
G?AZV_,2
G?oHhk,2
G?Aips,2
G?Baps,2
G??}Ps,2
G?@srS,2
G??}O{,2
G??X~G,2
G??tYw,2
G?AZVo,2
G?BHrs,2
G?@krs,2
G?BHvc,2
G?BHp{,2
G?Aip{,2
G?AZRk,2
G?BHvs,2
G?AZR{,2
G?AZVk,2
G?AZV{,2
G@Gayw,3
G@Gcyw,3
G?@xps,3
G?@Xzo,3
G??zvo,3
G??zrw,3
G??ztw,3
G??zuw,3
G@Gay{,3
G@Gcy{,3
G??zvw,3
G??zvs,3
G??zr{,3
G??zt{,3
G??zu{,3
G??zv{,3
G?@\ro,3
GCCRZW,3
G??~Uo,3
G??x}o,3
G??zsw,3
G?Bips,3
G?@{rS,3
G?BsrS,2
G?AZvo,3
G??}rw,3
G?AZrw,3
G??}vW,3
G?@\rs,3
GCCRZ[,3
G??~Us,3
G??x}s,3
G??}vw,3
G?AZvs,3
G?@\r{,3
G?AZr{,3
G?AZv[,3
G?AZv{,3
G??x~o,3
G??xzs,3
G??xx{,3
G??x~s,3
G??xz{,3
G??x}{,3
G??x~{,3
G?@X~o,3
G?@Xzs,3
G?AXzs,3
G??y|s,3
G?@h}s,3
G??xy{,3
G?@ix{,3
G?AYx{,3
G?@X~s,3
G?@Xz{,3
G?@X|{,3
G?@X~[,3
G?@X~{,3
G?AZ^o,3
G?BHzs,3
G?@kzs,3
G?B`}s,2
G??x}[,3
G??|Y{,3
G?Bax{,2
G?BH~s,3
G?AZZ{,3
G?AZ^k,2
G?AZ^{,3
G@Ge}w,3
G??~vw,3
G@Ge}{,3
G??~v{,3
G??z~o,3
G??z~w,3
G??z~s,3
G??zz{,3
G??|z{,3
G??z~{,3
G?AZ~o,3
G??}~w,3
G?AZ~s,3
G?@\z{,3
G?AZz{,3
G?BLz{,3
G?AZ~{,3
G??~~w,3
G??~~{,3
G?@zro,3
G?@zto,3
G?@zvo,3
G?@zrs,3
G?@zp{,3
G?AZzw,3
G?@zvs,3
G?@zr{,3
G?@zt{,3
G?@zv{,3
G?B\ro,3
G?Azvo,3
G?Azrs,3
G?@|rs,3
G?B\rs,3
G??|zw,3
G?BXzs,3
G?Azu[,3
G?Azvs,3
G?Azr{,3
G?Azu{,3
G?Azv{,3
G?@~vo,3
G?Bzrs,3
G?Az~o,3
G?@~vw,3
G?@~vs,3
G?@~v{,3
G?@z~s,3
G?@zz{,3
G?@z|{,3
G?@z~{,3
G?Az~s,3
G?B\z{,3
G?Az~{,3
G?@~~{,3
G?B~vo,3
G?B~vs,3
G?B~r{,3
G?B~v{,3
G?B~~{,3
G`?G?C,1
GG?OOK,1
G`??OK,1
GGC?GK,2
G?O__[,1
GG?OSK,1
GGC?G[,2
GGC?KK,2
G?O_c[,1
G?D@?{,2
GGC?K[,2
GGC?G{,2
G?D@C{,2
GGC?H{,2
GGC?K{,2
GGC?L{,2
GGC?J{,2
GGC?N{,2
G?CQPG,1
G?`H?c,1
GGCOOK,2
G?CY@C,2
G?C_Yc,2
G?GQSK,1
G_?HOk,2
G?GQKo,1
G?O_ok,2
GGC?g[,2
GG?OXo,2
GG?O[o,2
G?C_qK,2
G?D@Ho,2
G?D@Ko,2
G?OHGk,2
G@?GYK,2
G_?_g[,2
G?OPKs,2
G?O_hs,2
G@@?[s,2
GG?O[s,2
GG?O\o,2
G?CaHs,2
G?D@Ks,2
G?D@Lo,2
G?D@Hs,2
GG?OZo,2
G?H?g{,2
G?O_k[,2
G@?IK[,2
GG?OW{,2
G?D@G{,2
G?O_ls,2
G?CaLs,2
G?D@Js,2
G?D@Ls,2
GG?O^o,2
G?H?k{,2
GG?OX{,2
GG?O[{,2
G?D@H{,2
G?D@K{,2
G?D@Ns,2
GG?O\{,2
G?D@L{,2
GG?OZ{,2
GG?O^{,2
G?o__K,1
G_GOOK,1
G`?GOK,2
G_K?GK,2
G?Oc_w,1
GGA?ow,2
G@?M?w,2
GG?K_w,2
G?GU?[,1
GGCCG[,2
G`??W[,2
G@?M?[,2
G?`@`w,2
GA?L@w,2
G_?H`w,2
G@?M@w,2
G?Oc_{,2
G`??W{,2
G@?M?{,2
GG?K_{,2
GC?JBw,2
G@?MBw,2
G?`@`{,2
G?EB@{,2
G_?H`{,2
G@?M@{,2
G@?MFw,2
G_?Hb{,2
G@?MB{,2
G@?MF{,2
G@K?GK,2
G@?G]_,2
G@?GWk,2
G@?H_[,2
G@?GZ_,2
G@?GW[,3
G@?G]c,2
G@?GYk,2
G@?G]K,2
G@?GZc,2
G@?G^_,2
G@?GXk,2
G@?GW{,3
G@?GY[,3
G@?G]k,2
G@?G^c,2
G@?GZk,2
G@?GY{,3
G@?G][,3
G@?GX{,3
G@?G^k,2
G@?G]{,3
G@?GZ{,3
G@?G^{,3
G?_gqK,2
GGCAXg,2
G?GTaW,2
G?O_{w,2
G?D@Xw,2
G?GQ[w,2
G?OP\g,2
G?D@\g,2
G?GQXw,2
G?GQZg,2
G?GQ\g,2
G?GQ^_,2
G?O_w{,2
G?GSY[,2
G?C_y[,2
GA?`W{,2
G@@@W{,2
G?_PYk,2
G?EAh[,2
G?C`Yk,2
GGCAXk,2
G?GTa[,2
G?D@\w,2
G?GQZw,2
G?GQ\w,2
G?GQ^g,2
G?O_{{,2
G?O_x{,2
G?D@[{,2
G?O_|k,2
G?H?|k,2
G?GQX{,2
G?O_zk,2
G?GQ\k,2
G?GQ^c,2
G?GQ^w,2
G?O_|{,2
G?GQZ{,2
G?GQ\{,2
G?O_~k,2
G?GQ^{,2
G?`@pg,2
G?H?|_,2
G`?@Ww,2
G?D@tG,2
G@?G~?,2
G?`@hw,2
G?OTHw,2
G_?Hhw,2
G?`@jo,2
G?DDHw,2
G?EBJo,2
G?CeHw,2
G?DDJo,2
G@AAW{,2
GGA?w{,2
G?`@pk,2
G?_OzK,2
G_?PW{,2
G?H?|c,2
G`?@W{,2
G?EBG{,2
G?D@tK,2
G@?G~C,2
GC?JJw,2
G?EBJw,2
G?CeJw,2
G?EBNo,2
G?`@h{,2
G?_ah{,2
G_?_x{,2
G?`@js,2
G?EBH{,2
G?EBJs,2
G?CeH{,2
G?DDJs,2
G?CeNw,2
G_?_z{,2
G?EBJ{,2
G?DDJ{,2
G?EBNs,2
G?EBN{,2
G?CYPK,2
G?Ggok,2
G?GO}W,2
G@?Gyw,3
G@?G}W,2
G?GOzW,2
G@?G~G,2
G?C_~G,2
G@?Gxw,3
G@?GzW,3
G@?Gw{,3
G?GPW{,2
G@?HW{,3
G@?G}w,3
G?GO~W,2
G@?Gzw,3
G@?G~W,3
G?GO}[,2
G@?Gy{,3
G@?G}[,3
G?C_z[,2
G@?G~K,2
G?C_~K,2
G@?Gx{,3
G@?Gz[,3
G@?G~w,3
G@?G}{,3
G?C_~[,2
G@?Gz{,3
G@?G~[,3
G@?G~{,3
GGCBGw,2
G@?LaW,2
GA?H\g,2
GA?HXw,3
G@?I[w,2
GG?G{w,3
G@?IZg,2
G@?I\g,2
G@?I^_,2
G@?IXw,2
GA?Gx[,3
GG?Gw{,3
G_?HW{,3
G?CbG{,2
GGCBG{,2
G@?La[,2
GA?H\w,3
G@?I^g,2
G@?IZw,3
G@?I\w,2
GA?H\k,2
GG?Gx{,3
GA?H[{,3
GG?G{{,3
G@?IZk,2
G@?I\k,2
G@?I^c,2
G@?IX{,3
G@?I^w,3
GG?G|{,3
G@?I^k,2
G@?IZ{,3
G@?I\{,3
G@?I^{,3
G?`@xw,2
G?_axw,2
GO@Axw,2
GGAAxw,2
G?GUXw,2
G?HA|g,2
G`?CzW,2
G?`@zw,2
G?GUZw,2
G?`@~g,2
G?`@x{,2
G?_ax{,2
GO@Ax{,2
GGAAx{,2
G?GUX{,2
G?HA|k,2
G`?Cz[,2
G?GU^w,2
G?`@z{,2
G?GUZ{,2
G?`@~k,2
G?GU^{,2
GA?Hxw,3
G@?Kyw,3
G?GRYw,2
G?GR[w,2
G@?Hyw,3
GG?Ixw,3
G@?LYw,3
GA?H|w,3
G?D@~W,2
G?D@zw,3
G@?I|w,3
GA?H~W,3
GA?Hx{,3
G@?Ky{,3
G?GRY{,2
G?GR[{,2
G@?Hy{,3
GG?Ix{,3
G@?LY{,3
G?D@~w,3
GA?H|{,3
G?D@~[,2
G?D@z{,3
G@?I|{,3
GA?H~[,3
G?D@~{,3
GG?Kxw,3
G_?Hxw,3
G?DFHw,2
G`?EXw,2
G@?MXw,2
G_?Hzw,3
G@?M^g,2
G@?MZw,3
GG?Kx{,3
G_?Hx{,3
G?DFH{,2
G`?EX{,2
G@?MX{,3
G@?M^w,3
G_?Hz{,3
G@?M^k,2
G@?MZ{,3
G@?M^{,3
G@?Hxw,3
G@?H}w,3
G@?Hzw,3
G@?Hx{,3
G@?H~w,3
G@?H}{,3
G@?Hz{,3
G@?H~{,3
GC?Jzw,3
G?GV]w,2
G?DDzw,3
G_?Lzw,3
G@?M~w,3
GC?Jz{,3
G?GV]{,2
G?DDz{,3
G_?Lz{,3
G@?M~{,3
G@?Jzw,3
G@?Lzw,3
G@?J~w,3
G@?Jz{,3
G@?Lz{,3
G@?J~{,3
G@?N~w,3
G@?N~{,3
GI?HOg,2
G?D_Xc,2
G@AAWw,2
G@GQSK,2
GG?oWs,2
GIG?g[,2
GI?HOk,2
G?DPV?,2
GACGXK,2
G@H?g[,2
GGC_g[,2
G?SPG[,2
G@@_Ws,2
G?EAhW,2
G@@GtK,2
G@@GrK,2
GA?gtK,2
G?DPVC,2
G?L?nC,2
G@CIH[,2
GAC_[[,2
G@CILK,2
G@OGlK,2
GACHH[,2
G?L?jK,2
GAGOZK,2
G?S_lK,2
G?DPP[,2
G?CqS[,2
G?CidK,2
G?CqP[,2
G?DPRK,2
G?DPO{,2
G@@GvK,2
G@CIL[,2
GAC_Z[,2
GACHL[,2
G?L?nK,2
GAGO^K,2
G?DPT[,2
G?CqR[,2
G?CqT[,2
G?DPVK,2
GACHH{,2
G?DPS{,2
GAC_^[,2
G?CqV[,2
GACHL{,2
G?DPR{,2
G?DPV{,2
G@G[AC,2
G@GO]?,2
G@@GtC,2
G?L@cK,2
G?_ZB_,2
G@B@Os,2
G?o_j_,2
G?MAGk,2
G?F?Xc,2
G@?I[g,2
G?DPTC,2
G?`H`c,2
G@B?Ws,2
G?GXeC,2
G?o_g[,2
G?DcRc,2
G?h?jc,2
G?`_rc,2
G?o_n_,2
G?gQHk,2
G?MAHk,2
G?o_hk,2
G?HK`k,2
G?`H`k,2
G?`Hbc,2
G?G]@k,2
G?_Z@k,2
G?G]Bc,2
G?Cm?{,2
G?d@G{,2
G?DcVc,2
G?WSJk,2
G?o_jk,2
G?QHbk,2
G?O\Bk,2
G?_ZBk,2
G?G]Fc,2
G?DL@{,2
G?MAH{,2
G?G]@{,2
G?o_nk,2
G?_ZFk,2
G?_ZB{,2
G?o_j{,2
G?o_n{,2
G@@@Ww,2
G??gxo,3
G@?HWw,3
G@?guK,2
G?GXa[,3
G@GO]K,2
G@?gq[,3
G@GOW{,3
G?GXe[,3
G@?gu[,3
G@GOY{,3
G@GOX{,3
G@GO]{,3
G@GOZ{,3
G@GO^{,3
G?ClQk,3
G?GZIs,3
G?Cq^O,3
G@?XYs,3
G@?Y[s,3
G?Cq\S,3
G?DHlo,3
G?SPXk,3
G?KRI[,3
G?DPZo,3
G?GWzK,3
G?CYh[,3
G?DHnS,3
G?Cq\s,3
G?DPZs,3
G?DP\s,3
G?DP^S,3
G?DP^o,3
G?DP\[,3
G?CqZ[,3
G?Cq\[,3
G?DP^K,2
G?DHh{,3
G?DP[{,3
G?DP^s,3
G?Cq^[,3
G?DHl{,3
G?DPZ{,3
G?DP^{,3
G?ClQg,2
Gq?@Ww,2
G?GY\_,2
G?Fa`S,2
G?ERRW,2
G?CuRW,2
G?CmfG,2
G@CMNG,2
G?DL`w,2
G?_ZbW,2
GC?ZRW,2
G?Cm`w,2
G?G]bW,2
G@?]RW,2
G?G]fG,2
G?STH[,2
GW@?w{,2
G?CuP[,2
G@@a[s,2
GH@CW{,2
Gq?@W{,2
G@?]O{,2
GG?g{s,2
G?Cm`[,2
G@?]P[,2
G?H_}c,2
G?CuVW,2
G?EJbw,2
G?Cmbw,2
G?G]fW,2
G@?]VW,2
G?ERR[,2
G?KUJ[,2
G?ERVK,2
G@CMNK,2
G?ERP{,2
G?EJb[,2
GCCJJ[,2
G@CMH{,2
G?DLb[,2
GACLJ[,2
G@?]VK,2
G?Cmfw,2
G?KUN[,2
GCCJJ{,2
G?DTR{,2
G?EJf[,2
GCCJN[,2
G?G]f{,2
G@K_g[,3
G@?g}o,3
G?Cp]o,2
G@GPW{,3
G@?gzo,3
G?CpW{,3
G?GXms,3
G?Cp]s,3
G?Gozs,3
G?Go}s,3
G@?g~o,3
G?GXm[,3
G@?gy{,3
G@?g}[,3
G?CpY{,3
G@?gx{,3
G?Go~s,3
G@?g}{,3
G?Cp]{,3
G@?gz{,3
G@?g~{,3
G?Oiho,3
G@GIgw,3
G?Ogz_,3
G?CrUW,3
G?Gqqw,3
G?Gqsw,3
G@?ZUW,3
G@GQ]W,3
G?Cjaw,3
G?Cjcw,3
G?GZeW,3
G?GZ`w,3
G@GQW{,3
G@GQY[,3
G@GSY[,3
G?Gquw,3
G?Cjew,3
G?GZbw,3
G?GZdw,3
G?CrU[,3
G@GQY{,3
G@GQ[{,3
G@CJM[,3
G@GQ][,3
G@CJI{,3
G@CJK{,3
G?GZe[,3
G?GZ`{,3
G?GZfw,3
G@GQ]{,3
G@CJM{,3
G?GZb{,3
G?GZd{,3
G?GZf{,3
G?CX^_,3
G@CJG{,3
G?CWx[,3
G?CYX[,3
G?Ggw{,3
G@?gw{,3
G?CX^c,3
G?Cg}k,3
G?Cgzk,3
G?CX^K,2
G?Cg~c,3
G?GWy{,3
G?GW}[,3
G?GW}k,3
G?GWx{,3
G?CXZ[,3
G?GWzk,3
G?GW~K,3
G?Cg~k,3
G?GW}{,3
G?GWz{,3
G?CX^[,3
G?GW~k,3
G?GW~{,3
G?GY\c,3
G?GZa[,3
G?Og|c,2
G?Og~_,3
G?HGxk,3
G?DH[k,3
G?`HW{,3
G?GY^c,3
G?DH\k,3
G?Ogzk,3
G?Og|k,2
G?Ogx{,3
G?DH[{,3
G?Og~k,3
G?Og|{,3
G?Ogz{,3
G?Og~{,3
G?KVMW,3
GCCJjW,3
G?DTZo,3
G?G^Mo,3
G?Cu^W,3
G?EJjw,3
G?Cmjw,3
G?CmnW,3
G?ER^o,3
G?R@x{,3
G?P`{{,3
GOBAx{,2
G?KVM[,3
G?ERX{,3
GCCJj[,3
G?Cp}[,3
G?HI|k,3
G?DTZs,3
G?G^Ms,3
G?Cmnw,3
G?ER^[,3
G?ERZ{,3
G?DTZ{,3
G?EJn[,3
G?ER^s,3
G?ER^{,3
G@GRYw,3
G@GR[w,3
G@?i}w,3
G?Cjmw,3
G?GZjw,3
G?GZlw,3
G?GZmw,3
G?Gq~o,3
G?PPx{,3
G?Gsy{,3
G?Gqx{,3
G@GRY{,3
G@GR[{,3
G?GZnw,3
G@?i}{,3
G?Cr]{,3
G?Gqz{,3
G?Gq|{,3
G@?Z]{,3
G?Gq~s,3
G?Gq~{,3
G@CNMW,3
G?G^Ug,2
G?G]jo,3
G@?]^W,3
G?G]nW,2
G?G]jw,3
G?_Zjw,3
G?G]no,3
GG@Kx{,3
G_@Hx{,3
G@CNM[,3
G?HMh{,2
G?G^Uk,2
G@?X}[,3
GC?ZX{,3
G?G]js,3
G?G]nw,3
GC?Z^[,3
G?_Zn[,2
G@?]Z{,3
GC?ZZ{,3
G?G]ns,3
G@?]^{,3
G@GUYw,3
G@GU]W,3
G?GX~_,3
G@GU]w,3
G@CNMw,3
G?G^bw,3
G@GUY{,3
G@GU][,3
G?GX~c,3
G?G^fw,3
G@GU]{,3
G@CNM{,3
G?G^b{,3
G?G^f{,3
G@CNIw,3
G?Ci~g,3
G?OX|w,3
G?GYzw,3
G?GY|w,3
G?GY~W,3
G?GY~g,3
G?DPz[,3
G?Cr[{,3
G@CNI{,3
G?DHx{,3
G?EIx{,3
G?Cix{,3
G?GZY{,3
GA?Xz[,3
G?GZ[{,3
G@?Z[{,3
G?GY~w,3
G?DH~k,3
G?OX|{,3
G?DHz{,3
G?GY|{,3
G?DH~[,3
G?OX~k,3
G?DH~{,3
G?G^eW,3
G?G]^g,3
G?EJZw,3
G?G]Zw,3
G?QJh{,3
G?DJl[,3
G?`Jh{,2
G?G^e[,3
G?_ix{,3
G?`Hx{,3
G?G]X{,3
G?G]^w,3
G?`H~k,3
G?`Hz{,3
G?G]Z{,3
G?G]^{,3
G?GX~g,3
G?GX}w,3
G?GXzw,3
G?GXx{,3
G?GX~w,3
G?GX~k,3
G?GX}{,3
G?GXz{,3
G?GX~{,3
G?aRzw,3
G?Guzw,3
G@GV]w,3
G?Gu~w,3
G?aRz{,3
G?Guz{,3
G@GV]{,3
G?Gu~{,3
G?EVZw,3
G?EJzw,3
G?DLzw,3
G?G^]w,3
GC?^Zw,3
G?EJ~w,3
G?EVZ{,3
G?EJz{,3
G?DLz{,3
G?G^]{,3
GC?^Z{,3
G?EJ~{,3
G?GZzw,3
G?G\zw,3
G?GZ~w,3
G?GZz{,3
G?G\z{,3
G?GZ~{,3
G?G^~w,3
G?G^~{,3
GG?_ww,2
GGA?ww,2
GI?H_[,2
GGCO^?,2
GGCOW[,3
GG?WtK,2
GG?WrK,2
GG?WvC,2
GGCOX[,3
GGCO\K,2
GGCO[[,3
GGCOZK,2
GGCOW{,3
GG?WvK,2
GGCO\[,3
GGCOZ[,3
GGCO^K,2
GGCOX{,3
GGCO[{,3
GGCO^[,3
GGCO\{,3
GGCOZ{,3
GGCO^{,3
G@GQSG,1
G`G?gW,2
G@`?pK,2
G_GOZ_,2
G`?HGs,2
G@`@_[,2
G@_IJ_,2
GAI?g[,2
G?QP`S,2
G@D?\C,2
GGE?g[,2
G`G?g[,2
G?D_tC,2
G@AIOk,2
G_GOW[,2
GG?Kgw,2
G_GOZc,2
G@`?Zc,2
G_GO^_,2
GA_HHk,2
GAGKHk,2
G_CHJc,2
G_GGhk,2
G@_IHk,2
G@_IJc,2
GGCKJc,2
GCO_W{,2
GO?YPk,2
GGCKG{,2
G_?gpk,2
G@AIPk,2
G_GO^c,2
GCOHJk,2
G@_IJk,2
G@OKJk,2
GGCKNc,2
GA?kP{,2
G_?grk,2
G_?gp{,2
G@AIP{,2
GG?[Rk,2
G@_INk,2
G_GOZ{,2
G@_IJ{,2
G_?gvk,2
G_GO^{,2
G@H?ww,3
G@P@Ww,3
GHCOW[,3
G?KsQK,2
G?PHpg,2
GGB?xo,2
GAG_{w,3
GAG_yw,3
G@D@]W,2
GGCP]W,3
G?Oppw,3
G?Opsw,3
GG?Xsw,3
G?Opqw,3
GG?Xqw,3
G?OpuW,2
GA?huW,3
G@H?w{,3
GGCaW{,2
GGCQX[,3
GAG_}w,3
G?Optw,3
G?Oprw,3
G?Opuw,3
GG?Xuw,3
GAG_{{,3
G@H?y{,3
G@O_}[,2
GGCP][,3
GG?Xp{,3
GA?hs{,3
GG?Xs{,3
G@D@Y{,3
GG?Xq{,3
G?Opu[,2
GGCHm[,3
G?Opvw,3
G@H?}{,3
GG?Xt{,3
GG?Xr{,3
G@D@]{,3
GG?Xu{,3
GG?Xv{,3
G@GYSK,2
GoCAhW,2
G?DP[o,2
G?CyTC,2
G?Cq\O,2
G_@pOs,2
G?Gkqg,2
G@BaOs,2
G?J?z_,2
G@EAZW,2
GACcZW,2
GCGQZW,2
G?ScnG,2
G@OKnG,2
G?Ospw,2
G?QPpw,2
G?_qrW,2
GC?irW,2
G?HSpw,2
G?HSrW,2
G@@KrW,2
G?IQrW,2
G@AIrW,2
G@@KvG,2
G@_QX[,2
GG__w{,2
GIA@W{,2
GACcX[,2
G@DA\K,2
GGD@[k,2
G?hAhk,2
G`@@W{,2
GoCAh[,2
G?Sch[,2
GACc^W,2
G?_qrw,2
G?HSrw,2
G?IQrw,2
G?HSvW,2
G@@KvW,2
GAE@Z[,2
GACcZ[,2
GCD@Z[,2
G@EA^K,2
G@OS^K,2
G@EAX{,2
G?U@h{,2
G?MAj[,2
GCGIj[,2
G?IQp{,2
G?LCj[,2
GAGKj[,2
G?d@j[,2
GAAHr[,2
G@AIvK,2
G?HSvw,2
GCD@^[,2
GC?ir{,2
G?LCj{,2
GCD@Z{,2
G?U@n[,2
GCGIn[,2
GAGKn{,2
GAG_{W,2
G_G_ww,3
GoCBGw,2
GG?W{o,3
G_@_xo,2
G?Fb?s,2
GOCQZW,3
GGCSZW,2
GGCKnG,2
GG?[pw,3
GO?YrW,3
G_?Xpw,3
GG?[rW,2
GG?[vG,2
GGCSX[,3
GK@@W{,2
G_CPX[,3
GGDDG{,2
GoCBG{,2
GA?g|S,3
G?D_~C,2
GGCS^W,3
GO?Yrw,3
GG?[rw,3
GG?[vW,3
GOCQZ[,3
GGCSZ[,3
GGCS^K,2
GO?Yp{,3
GOCIj[,3
G_?Xp{,3
GGCKj[,3
GG?[vK,2
GG?[vw,3
GGCS^[,3
G_?Xr{,3
GG?[r{,3
GGCKn[,3
GG?[v{,3
G@PHOk,2
G@L?g[,2
G?Oipg,2
G?FBHo,2
GBGGWk,3
GAC`]W,2
GH?Gyw,3
GH?G{w,3
GB?H]W,3
G?HPqw,2
G?HPsw,2
G?D`uW,2
G@@HuW,2
G?D`pw,3
G?D`qw,3
G?D`sw,3
GH?Gw{,3
GI?HW{,3
GH?G}w,3
G?HPuw,2
G?D`rw,3
G?D`tw,3
G?D`uw,3
GGC_}[,2
GH?Gy{,3
GH?G{{,3
GH?G}[,3
G@@Hq{,2
GAC`[{,2
G?S`m[,2
G@OHm[,2
GH?Gx{,3
GB?HY{,3
GB?H[{,3
G?D`vw,3
GH?G}{,3
G@@Hu{,2
GH?Gz{,3
GH?G|{,3
GB?H]{,3
GH?G~{,3
G?G\Qg,2
GGB_os,2
G?GXmO,2
G?CX]_,2
G?WSnG,2
GB?KZW,2
GD?IZW,3
G?DcrW,2
G?EarW,2
G?DcvG,2
G?Dcpw,2
G?F@pw,3
G?LEHk,2
GB?KX[,3
GW?Gw{,3
GB?K^W,3
G?DcvW,2
G?Dcrw,2
G?Earw,3
G?WSnK,2
GB?KZ[,3
GE?HZ[,3
G?Dcr[,2
G?F@r[,2
G?F@vK,2
G?Eap{,3
G?F@p{,3
G?Dcvw,3
GE?H^[,3
G?F@v[,2
G?Dcr{,3
GE?HZ{,3
GB?K^{,3
GA?g|o,3
G?GYjo,3
G@@G|o,2
G?OXnO,2
GA?X^O,3
G@CHi[,3
G?GZQk,2
G@CJI[,3
G?G\Qk,2
G@?Y\S,3
G@OPW{,3
GAGKg{,2
G?Oo|S,2
G@OHg{,2
G?S`i[,2
GGCHi[,3
G?Dcp[,2
G@@Kp[,2
G?D`]c,2
G?GWyk,3
G?Ogxk,2
G?Ggyk,2
G@@HW{,3
GG@PW{,2
G?GYno,3
G?OXls,3
G?GYjs,3
G?GYls,3
G?GYnS,2
G@?Y^S,3
G?Oo|s,3
G?HOzs,3
G?HO|s,2
G?HO~S,2
G@@G~S,3
GA?gx{,3
G@@G{{,3
G?OXl[,2
GA?X\[,3
G@@Gx{,3
G?OXj[,2
GA?XZ[,3
G?GYl[,2
G@?Y\[,3
G@@G~K,2
G?GYns,3
G?HO~s,3
GA?g|{,3
G@@Gz{,3
G@@G|{,3
G?OXn[,2
GA?X^[,3
G@@G~{,3
GG?W|o,3
GG?Wzo,3
GG?W~O,2
GG?Xo{,3
GA?h[s,2
GG?[o{,3
GGCJG{,2
G?DbKs,2
GG?Wx[,3
GG?Ww{,3
G?Opk[,2
G_?gw{,3
GG@_w{,2
GG?W~o,3
GG?W|s,3
GG?Wzs,3
GG?W~S,2
GG?Wx{,3
GG?W|[,3
GG?W{{,3
GG?Wz[,3
GG?W~K,2
GG?W~s,3
GG?W|{,3
GG?Wz{,3
GG?W~[,3
GG?W~{,3
G?_ZJo,2
G?EJJo,2
G?IQZo,2
G?_ZN_,2
G?`Hpk,2
G?_ihs,2
GO@_ys,2
G?_ipk,2
GGB?xs,2
G?CmHs,2
G@@cYs,2
G?_qXs,2
G?`_xs,2
G?`_zc,2
G?EaXs,2
G?DcZc,2
G?o_xk,2
G?J?zc,2
G?_gyk,2
G?_WzK,2
G?Cg}K,2
G?Gq[k,2
G@?g}K,2
G?_ZNo,2
G?`Hjs,2
G?EJJs,2
G?HKjs,2
G?`Hnc,2
G?`_zs,2
G?DcZs,2
G?J?zs,2
G?`_~c,2
G?`Hh{,2
G?_ZH{,2
G?_ZJk,2
G?DLH{,2
G?QHjk,2
G?F@X{,2
G?O\Jk,2
G?QHns,2
G?F@^s,2
G?_ZJ{,2
G?EJJ{,2
G?IQZ{,2
G?_ZNk,2
G?_ZN{,2
G_?gzo,3
G@AIZo,2
G_?g~_,2
GAAHXs,2
GG?[Xs,3
G?``is,2
G_?gxs,3
G@AIXs,2
G?FBHs,2
G?DdIs,2
GC?YX[,3
G?OXlK,2
G_?pW{,2
G@?sY[,2
G_?g~o,3
GC@HZs,3
G@AIZs,2
G@@KZs,3
G@AI^c,2
GAAHX{,3
G_?gzk,2
G_?gx{,3
G@AIX{,3
GG?[Zk,2
G@AI^s,3
G_?gz{,3
G@AIZ{,3
G_?g~k,2
G_?g~{,3
G?CZNO,2
G?CZJo,3
G?D_|o,3
G?CZRK,2
G?C\RK,2
G?CZHs,3
G?CZKs,3
G?Opq[,2
GB?HW{,3
GB?KW{,3
G?CWzK,3
G?CZNo,3
G?CZNS,2
G?CZJs,3
G?CZLs,3
G?D_~S,2
G?D_zs,3
G?D_|s,3
G?CZJ[,2
G?CZL[,2
G?D_~K,2
G?D_x{,3
G?D_{{,3
G?CZNs,3
G?D_~s,3
G?CZN[,2
G?D_z{,3
G?D_|{,3
G?D_~{,3
GCP@xw,3
G@HCyw,3
GACe\W,2
G_CTZW,3
G@DDYw,3
G@IA}w,3
GO?Zrw,3
GG?\rw,3
G@EB]w,3
GO?Zuw,3
GCP@x{,3
G@HCy{,3
GACe\[,2
G_CTZ[,3
G@DDY{,3
G?MBnw,3
G@IA}{,3
GO?Zr{,3
GG?\r{,3
G@EB]{,3
GO?Zu{,3
G?MBn{,3
GI?Hxw,3
GI?H|w,3
GG?Ztw,3
G?Dbrw,3
GH?I|w,3
GI?Hx{,3
G?Dbvw,3
GI?H|{,3
GG?Zt{,3
G?Dbr{,3
GH?I|{,3
G?Dbv{,3
GH?Kyw,3
Ga?Hxw,3
Go?Ixw,3
GP?I}w,3
G@OLmw,2
GH?Kzw,3
GP?Izw,3
GD?J]w,3
GH?Ky{,3
Ga?Hx{,3
Go?Ix{,3
G?Ebvw,3
GP?I}{,3
G@OLm{,2
GH?Kz{,3
GP?Iz{,3
GD?J]{,3
G?Ebv{,3
G?L@|g,3
GG?Zpw,3
G@@Lqw,2
GG?\qw,3
G?Op~o,3
GG?X|w,3
GG?Xzw,3
G?Op}w,3
GG?X}w,3
G?L@|k,3
GG?Zp{,3
G@@Lq{,2
GG?\q{,3
G?Opx{,3
G?HPy{,3
GG?Yx{,3
GG?X~w,3
G?Op~s,3
GG?X|{,3
GG?Xz{,3
G?Op}{,3
GG?X}{,3
GG?X~{,3
GCOJhw,3
G?HSzo,3
GCD@zW,2
G?SdmW,2
GOCJmW,3
G?QP~o,3
G?_qzw,3
G@@Kzw,3
G@AIzw,3
G?Os~W,2
GA?k~W,3
GCOJh{,3
G?HSzs,3
GCD@z[,2
G?Sdm[,2
GOCJm[,3
G?_qx{,3
G?QPx{,3
G?`ax{,2
G?IQx{,3
G?D`}[,2
G@@I|[,3
G?JAx{,2
GGAIx{,3
G@BDY{,2
G@@K~w,3
G?QP~s,3
GC@Hz{,3
G@@Kz{,3
G@AIz{,3
G?`P~[,2
GC@H~[,3
G@AI~{,3
G_CPzW,3
GG?[zo,3
GGCNKw,2
GG?[~o,3
GO?Yzw,3
GG?[zw,3
GG?[~W,3
G_CPz[,3
GG?[zs,3
GGCNK{,2
GO?Yx{,3
GO@Ix{,3
G_?Xx{,3
G@@MX{,3
G@B@}[,2
GG?[~w,3
GG?[~s,3
G_?Xz{,3
GG?[z{,3
GG?[~[,3
GG?[~{,3
GH?Ixw,3
G?D`|o,3
GB?LYw,3
G?D`~o,3
G@@H}w,3
G?D`zw,3
G?D`|w,3
G?D`}w,3
GH?Ix{,3
G?D`|s,3
GB?LY{,3
G?D`x{,3
G?Dax{,3
G?D`~w,3
G?D`~s,3
G@@H}{,3
G?D`z{,3
G?D`|{,3
G?D`}{,3
G?D`~{,3
G?OtuW,2
G?Dczo,3
GE?HzW,3
G?F@~o,3
G?Dc~W,2
G?Dczw,3
G?Eazw,3
G?Otu[,2
G?Dczs,3
GE?Hz[,3
G?Dcz[,2
G?Eax{,3
G?F@x{,3
G?Dc~w,3
G?F@~s,3
G?F@~[,2
G?Dcz{,3
G?F@z{,3
G?F@~{,3
G@PD|w,3
G?Dfvw,3
G@PD|{,3
G?Dfv{,3
G?MB~g,3
G?_rzw,3
G?Otzw,3
G?QTzw,3
G_?\zw,3
G?_r~w,3
G?MB~k,3
G?_rz{,3
G?Otz{,3
G?QTz{,3
G_?\z{,3
G?_r~{,3
G?Dfrw,3
G?Dbzw,3
G?Db~w,3
G?Dfr{,3
G?Dbz{,3
G?Db~{,3
G?Eb~o,3
G?Ddzw,3
G?Ebzw,3
G?FDzw,3
G?Eb~w,3
G?Eb~s,3
G?Ddz{,3
G?Ebz{,3
G?FDz{,3
G?Eb~{,3
G?Df~w,3
G?Df~{,3
GI?GX_,2
G?CZF?,2
GH?GWk,2
GBA?W[,2
GB?GW[,3
G?D`Gs,2
GJ??W[,2
G?CeGw,2
G@KCIK,2
G?CWZC,2
G?D_vC,2
GB?GZK,2
GB?G\K,2
GB?GX[,3
GB?G[[,3
G?D_rK,2
G?D_tK,2
G?CZFC,2
G?CZ@[,2
G?CZC[,2
G?CZ?{,3
GB?G^K,2
GB?GZ[,3
GB?G\[,3
G?D_vK,2
G?CZB[,2
G?CZD[,2
GB?GX{,3
G?CZC{,3
GB?G^[,3
G?CZF[,2
G?CZB{,3
GB?G\{,3
G?CZF{,3
Gw??ww,2
G?CX^?,2
G?CW~?,3
G?C^FG,2
G?C^BW,2
G?C^@w,3
GG@_{s,2
Gw??w{,2
G?C^@[,2
G?C^?{,3
G?C^FW,2
G?C^Bw,3
G?C^FK,2
G?C^B[,2
G?C^@{,3
G?C^Fw,3
G?C^F[,2
G?C^B{,3
G?C^F{,3
G?CWw{,4
G?CW~K,3
G?CWz[,3
G?CWx{,4
G?CW~[,3
G?CWz{,4
G?CW~{,4
G?C^VG,2
G?C^Jo,3
G?C^NW,2
G?C^Jw,3
G?C^No,3
G_B@x{,2
G?PH|k,2
G?C^VK,2
G?C^H{,3
G?C^Js,3
G?C^Nw,3
G?C^N[,2
G?C^J{,3
G?C^Ns,3
G?C^N{,3
G?CZ^W,3
G?CZ^g,3
G?CZZw,3
G?CZ\w,3
G?CZZ[,3
G?C\Z[,3
G?CZj[,3
G?C\j[,3
G?CXz[,3
G?CX}[,3
G?CZ^w,3
G?CZ^[,3
G?CZ^k,3
G?CZZ{,3
G?CZ\{,3
G?CZ^{,3
G?CX~W,3
G?CXzw,4
G?CX}w,3
G?CXx{,4
G?CYx{,4
G?CX~w,4
G?CX~[,3
G?CXz{,4
G?CX}{,4
G?CX~{,4
G?C^^W,3
G?C^nW,3
G?CZ~W,3
G?C^^w,3
G?C^^[,3
G?C^n[,3
G?CZ~[,3
G?C^^{,3
G?CZzw,4
G?C\zw,4
G?CZ~w,4
G?CZz{,4
G?C\z{,4
G?CZ~{,4
G?C^~w,4
G?C^~{,4
G?Kta[,3
G@GZIs,3
G?Oxv_,3
G@H_w{,3
G?LHlc,3
GG?yps,3
G?H\as,3
G?Koy[,3
GG?xo{,3
G?KsY[,3
G?Oxsk,3
G?PHxw,3
G?Oxqk,3
G?OxuK,3
G?Kq^c,3
G?LHlk,3
G?LHjk,3
G?LHmk,3
G?Oxvc,3
G?Oxp{,3
G?Oxs{,3
G?Oxtk,3
G?KqY{,3
G?Oxrk,3
G?Oxu[,3
G?Oxuk,3
G?LHnk,3
G?Oxt{,3
G?Oxr{,3
G?Kq]{,3
G?Oxvk,3
G?Oxv{,3
G?SsZc,3
GCDHjS,3
G?SvC[,3
G?Ss^_,3
GACh[k,3
G@Cik[,3
G?YIhk,3
GCKIjK,3
G?Shkk,3
GCSRH[,3
G?WXmK,3
G?LKjc,3
G?DleS,3
G?Cy\S,3
GA?h{w,3
G?`XrK,2
G?Gkyw,3
G@?kyw,3
G?QXrK,3
G?Ss^c,3
G?UHjk,3
G?cijk,3
G?Skjk,3
G?Ss^K,3
G?UHnc,3
G?LSX{,3
G?SsZ[,3
G?`Xrk,3
G?IYp{,3
G?MQZ[,3
G?O{rk,3
G?`XvK,3
G?cink,3
G?`Xr{,3
G?cij{,3
G?Ss^[,3
G?`Xvk,3
G?Ss^{,3
GIG_ww,3
GG@Xto,3
GG@Xro,3
G@@ito,3
GICPX[,3
G?OXzg,3
GG?Yxw,3
G?QHzg,3
GG@Xs[,3
G?CZjW,3
GG@Xvo,3
G?Ppts,3
G?Pprs,3
G?Hqts,3
G?Ozds,3
GG@Xp{,3
G@@is{,3
GG@Xs{,3
G@@ip{,3
G?DrS{,3
G?Ppvs,3
GG@Xt{,3
GG@Xr{,3
G@@it{,3
GG@Xv{,3
G@@kuo,3
G?IZbo,3
G?ErUo,3
GED@X[,3
G?Hsqs,3
G?[ULK,3
GA?}TS,3
G@Agys,3
G?OX~G,3
GGAio{,3
G?O\Zg,3
G_Aipk,2
G?ErO{,3
G@Aivo,3
G?Iqus,3
G?Iqrs,3
G?Hsrs,3
G?ErUs,3
G@AZUs,3
G@Aiq{,3
G@@kq{,3
G?H\e[,3
G@Aiu[,3
G@Aip{,3
G?Eja{,3
G?Iqvs,3
G@@ku{,3
G?IZb{,3
G?ErU{,3
G@Aiv{,3
G?MJn_,3
G?LLng,3
G?_zrw,3
G?O|rw,3
G?O|uw,3
G?O|vg,3
G@Iay{,3
G@Hcy{,3
G?MJnc,3
GO?yzs,3
GG?y|s,3
G@AZ]s,3
G?O|vw,3
G?MJnk,3
G?_zr{,3
G?O|r{,3
G?MJm{,3
G?_zvk,3
G?O|v{,3
G?Ptro,3
GG@yps,3
G?WZng,3
G?Oztw,3
G?Djrw,3
G?Djtw,3
G?Ozvg,3
GAP`x{,3
G?Ptrs,3
G?Ppzs,3
G?Djvw,3
G?WZnk,3
G?Ozt{,3
G?Djr{,3
G?Sjl{,3
G?Ozvk,3
G?Djv{,3
G?IZv_,3
G@@i|o,3
G?HZtg,3
G?Er]o,3
G?W\ng,3
G?H\uw,3
G?Dlrw,3
G?Ejrw,3
G?Dluw,3
G?H\vg,3
GAETZ[,3
GGGsy{,3
GOGqy{,3
GE?\Z[,3
G?IZvc,3
G?LH}k,3
G@A]Zs,3
G?Hq|s,3
G?Iqzs,3
G?FR\s,3
G?Dlvw,3
G?gZnk,3
G?IZu{,3
G?Slj{,3
G?cjj{,3
G?W\m{,3
G?IZvk,3
G?Sln{,3
G?\Dlg,3
GGBXps,3
G@Bkqs,3
G?H^`w,3
GG@X|o,3
G?Dncw,3
G@Ai}o,3
G?Ptvo,3
G?O~dw,3
G?O~bw,3
G?H^dw,3
GG@\tw,3
G?\Dlk,3
G?O~fw,3
G?Ptvs,3
GG?}t{,3
G?Ptr{,3
G?Hut{,3
GG@\t{,3
G?Ptv{,3
G?Ox~o,3
G?Ox|s,3
G?Ozp{,3
G?Ox~c,3
G?Oxx{,3
G?`Xx{,3
G?Oxy{,3
GG@Xx{,3
G?RHx{,3
G?RPx{,3
G?Ox~s,3
G?Ox|{,3
G?Oxz{,3
G?Ox}{,3
G?Ox~k,3
G?Ox~{,3
G?`X~o,3
G?UHzk,3
G?dHzk,3
G?LJk{,3
G?Slm[,3
G?QX~c,3
G?`ix{,3
G?G{y{,3
G?Pkx{,3
G?`X~K,3
G?QX~s,3
G?`Xz{,3
G?IYz{,3
G?`X~[,3
G?`X~k,3
G?`X~{,3
G?HX~o,3
G?TH|k,3
G?Czr[,3
G?Gy|s,3
G?K]j[,3
G?Gy~c,3
G?LLi{,3
G?WZh{,3
G?Slh{,3
G?Dh}s,3
G?Dp~S,3
G?HXx{,3
G?DXz[,3
G?Cz^s,3
G?Dh~s,3
G?Gy}{,3
G?HXz{,3
G?HX|{,3
G?Cz]{,3
G?HX~k,3
G?HX~{,3
GG@X~o,3
G?Pp|s,3
G?QXzk,3
G@@ix{,3
G?EZj[,3
G?Pp~s,3
GG@X|{,3
GG@Xz{,3
G@@i|{,3
GG@X~{,3
G?C}^o,3
G?cZj[,3
G?O|u[,3
G?Dkzs,3
G?FHzs,3
G?FP~S,3
G?Cz[{,3
G?Cx}[,3
G?EZ^s,3
G?FH~s,3
G?C}^[,3
G?EZZ{,3
G?Eiz{,3
G?C}^k,3
G?C}^{,3
G@Ai~o,3
G?RP|s,3
G?Hszs,3
G@?|Y{,3
G?FRX{,3
G?Iq~s,3
G@@k}{,3
G?IZj{,3
G?Er]{,3
G@Ai~{,3
GAPd|w,3
G?Pt~o,3
G?Dnvw,3
GAPd|{,3
G?Pt~s,3
G?Dnv{,3
G?_z~o,3
G?O|~w,3
G?_z~s,3
G?_zz{,3
G?O|z{,3
GO?z}{,3
G?_z~{,3
G?Dnrw,3
G?Oz~w,3
G?Dnr{,3
G?Djz{,3
G?Pr|{,3
G?Oz~{,3
G?Snlw,3
G?H\~w,3
G?Snl{,3
G?Q\z{,3
G?Dlz{,3
G?Ejz{,3
G?FLz{,3
G?Iuz{,3
G?IZ~{,3
G?O~nw,3
G?arz{,3
G?Pt~{,3
G?Dn~w,3
G?Dn~{,3
G?KtaW,3
GO?yro,3
GGAXro,3
GC@huo,3
GO?yuo,3
GaCPX[,3
GG?{qs,3
G?]@hk,3
GCWIhk,3
GECaX[,2
GKCQX[,3
G?]CjK,2
G_?|Qs,3
G?O|_{,3
GO?wys,3
G?_ZZg,2
G_@Xp[,3
G?PH|g,2
GG?{q[,3
G_?ytK,2
G?O|fo,3
G?_zbs,3
G?O|bs,3
G?O|es,3
GG?{us,3
G?`prs,3
G?Qprs,3
G?Qpus,3
GGAXus,3
G?O|`{,3
GC@hq{,3
GO?yq{,3
G?Qpq{,3
GG?{q{,3
G?_ze[,2
GGAXu[,3
G?O|fs,3
G?Qpvs,3
GO?yr{,3
GGAXr{,3
GAAhu{,3
GO?yu{,3
G?O|f{,3
G`G_ww,3
G_?xro,3
G_?xuo,3
G`CPY[,3
G`G_w{,3
G_?}Ps,2
G_?xq[,3
G_?xo{,3
G_?xuK,2
G_?xvo,3
G_?xrs,3
G_?xus,3
G_?xq{,3
G_?xp{,3
G_?xu[,3
G_?xvs,3
G_?xr{,3
G_?xu{,3
G_?xv{,3
G@?}Uo,2
G?F`ro,3
G?C~Eo,3
G?G}as,2
G?C~ES,2
G@?}US,2
G@CX^C,3
G?C~As,3
G?F`ps,3
GF?IX[,3
G@?w}S,2
G?OZ\g,2
GGAZO{,2
G_?}Pk,2
G?C~?{,3
G?C~Fo,3
G?G}es,2
G?C~Bs,3
G?C~Es,3
G?JPus,2
G?F`rs,3
G?F`us,3
G@?}Q{,2
G?JPu[,2
G@BHu[,2
G?C~@{,3
G?F`q{,3
G?C~Fs,3
G?F`vs,3
G@?}U{,2
G?F`r{,3
G?F`u{,3
G?C~F{,3
G`Gayw,3
G?]Blg,3
G`Gcyw,3
GO@Zpw,3
G_@xps,3
G@BH}o,3
G_@xss,3
G?`rvo,3
G_?zrw,3
GO@Ztw,3
G_?ztw,3
G`Gay{,3
G?]Blk,3
G`Gcy{,3
G_?zvw,3
G?`rvs,3
G_?zr{,3
G?`rt{,3
G_?zt{,3
G_?zv{,3
Gi?Hxw,3
G?Fdro,3
GG@xss,3
G@BJsw,3
G_BXps,3
G?Fbpw,3
G?F`}o,3
G?Fbvo,3
GGAZtw,3
G?Fbrw,3
G?Fbtw,3
Gi?Hx{,3
G?Fdrs,3
G?Fbvw,3
G?Fbvs,3
GGAZt{,3
G?Fbr{,3
G?Fbt{,3
G?Fbv{,3
G?O|no,3
GG?{zs,3
G_AXzs,3
G?`pzs,3
G?Qpzs,3
G?JQ|s,3
GGAX}s,3
G?Ox|k,3
GC@Xz[,3
G?JQx{,3
GGAYx{,3
G?aZZk,2
G_Aix{,3
G?_zns,3
G?`p~s,3
GO?yz{,3
GGAXz{,3
GAAh}{,3
GO?y}{,3
G?O|n{,3
G_?x~o,3
G_?xzs,3
GGA[zs,3
G_?xy{,3
G_?xx{,3
G_BHx{,3
G_?x~s,3
G_?xz{,3
G_?x}{,3
G_?x~{,3
G?C~No,3
GCAZZs,3
G?C~Js,3
G?E^Js,3
G?JP}s,3
G?F`zs,3
G?F`}s,3
G?Cx~K,3
G?Fax{,3
G?C~Ns,3
G?F`~s,3
G@?}]{,3
G?F`z{,3
G?F`}{,3
G?C~N{,3
Gs?Jzw,3
G?Ffvw,3
Gs?Jz{,3
G?Ffv{,3
G?`r~o,3
G_?z~w,3
G?`r~s,3
G?`rz{,3
G?Qtz{,3
G_?|z{,3
G_?z~{,3
G?Fb~o,3
G?Fb~w,3
G?Fb~s,3
G?Fbz{,3
G?Fdz{,3
G?Fb~{,3
G?Ff~w,3
G?Ff~{,3
GGCqXs,3
G?Le_{,3
G?WXn_,3
G?Shik,3
G?O|as,3
GH?gw{,3
G?WYhk,3
GHGQW{,3
G?HXtc,3
G?DtQs,3
G?THhk,3
G@CsY[,3
G@D`W{,3
G?SXjK,3
G@Kai[,3
G@EaW{,3
G@Kci[,3
G?C}Rc,3
G?Oixw,3
G?Oypk,3
G@?y[s,3
G?PXtK,2
G?CXzW,3
G?Hoxs,3
G?Cizg,3
G?Dhsk,3
G?Sp^c,3
G?Shmk,3
G?WXjk,3
G?WXlk,3
G?WXmk,3
G?Shnc,3
G?Kimk,3
G?KZJk,3
G?KZLk,3
G?KZMk,3
G?CzVc,3
G?Gyq{,3
G?Shk{,3
G?WXm[,3
G?Gyuk,3
G?WXh{,3
G?Woy{,3
G?HXrk,3
G?WXk{,3
G?HXtk,3
G?CzUk,3
G?WXnk,3
G?KZNk,3
G?Gyu{,3
G?WXj{,3
G?WXl{,3
G?Wo}{,3
G?HXvk,3
G?WXn{,3
G?C}V_,3
G?oihk,2
G?W[jK,2
G?O|eS,2
G?opg{,3
GB?g{[,3
GECJH[,3
G?Dkrc,3
G?XHkk,2
G@Cg}K,3
G?StG{,2
GCCZRK,2
G?GX}W,2
G?GZ[w,2
G?QZPk,2
G?RHpk,2
G?CX}W,3
G?Ch}g,3
G?Cjkw,3
G?N?~c,3
G?oXnK,2
G?oXjk,3
G?W[jk,3
G?FHvc,3
G?K]NK,2
G?S\Jk,3
G?cZJk,2
G?K]Nc,3
G?C}R[,2
G?EZR[,2
G?C}VK,2
G?C}P{,3
G?Dkp{,3
G?Eirk,3
G?EZRk,3
G?oXnk,3
G?cZNk,3
G?C}V[,2
G?oXj{,3
G?cZJ{,3
G?C}Vk,3
G?C}V{,3
G@Ggw{,4
G?GXxw,3
G?D`xw,3
G?CxuK,3
G@GWw{,4
G@GW~K,3
G@Cg~K,3
G@CXZ[,4
G@GW}[,3
G?Koz[,3
G?Ko}[,3
G?CxvK,3
G@GWx{,4
G@GWy{,4
G@CX^[,4
G?Ko~[,3
G@GWz{,4
G@GW}{,4
G@GW~{,4
G?Sv?{,3
G@CYX[,3
G?SXh[,3
G?DXrK,3
G?DXs[,3
G?D`{w,3
G?CYxw,3
GAGW~K,3
G@DG~K,3
G@CYZ[,3
GAGW|[,3
G@OW|[,3
G?DXr[,3
G?SXl[,3
G?DXvK,3
GACXX{,3
G?DXs{,3
G@CY^[,3
G?DXv[,3
G?DXr{,3
GACX\{,3
G?DXv{,3
G@KemW,3
G?K^Ng,3
G?G}uw,3
G?C~Rw,3
G?C~Uw,3
G?C~Vg,3
GCERZ[,3
G@Gq}[,3
GCCZ^K,3
G@Kem[,3
G?K^M[,3
G?G}p{,3
G?DX~S,3
G?EZ^c,3
G?C~Vw,3
G?Kmnk,3
G?Kmm{,3
G?C~R{,3
G?K^M{,3
G?G}vk,3
G?C~V{,3
G@CZ^W,4
G?CzvW,3
G?Czrw,4
G?Cztw,4
G?Czuw,4
G@CZZ[,4
G@C\Z[,4
GAC\Z[,3
G?KZm[,3
G?DXzs,4
G@CZ[{,4
G?Czvw,4
G@CZ^[,4
G?Czv[,3
G@CZZ{,4
G@CZ\{,4
G@CZ]{,4
G@CZ^{,4
G@C]^W,3
G?C}vW,3
G?C}rw,3
G?EZrw,3
GCCZZ[,3
G?C}vw,3
GCCZ^[,3
G?K]n[,3
G?D\r{,3
GCCZZ{,3
G@C]^{,3
G?Cx~o,4
G@CXz[,4
G@CX}[,3
G?Cxx{,4
G?Cx~s,4
G?Cx~[,3
G?Cxz{,4
G?Cx}{,4
G?Cx~{,4
G?DX~o,4
GCCZX{,3
G?Cxy{,4
G?EYx{,4
G?DX~s,4
G?DX~[,3
G?DXz{,4
G?DX|{,4
G?DX~{,4
G@C^^W,4
G@C^]w,4
G@C^^w,4
G@C^^[,4
G@C^]{,4
G@C^^{,4
G?G}~o,3
G?C~^w,3
G?G}~s,3
G?aZz{,3
G?G}z{,3
G?E^Z{,3
G@?~]{,3
G?G}~{,3
G@CZ~W,4
G?Cz~w,4
G@CZ~[,4
G?Czz{,4
G?C|z{,4
G?D\z{,4
G?Cz~{,4
G?C}~w,4
G?EZz{,4
G?EZ~{,4
G?C~~w,4
G?C~~{,4
G_Azro,3
G?`zvo,3
G?`zrs,3
G_@|rs,3
G?`zp{,3
G_@zp{,3
G?aZzw,3
G?`ztk,3
G?`zvs,3
G?`zr{,3
G?`zt{,3
G?`zvk,3
G?`zv{,3
G?Qzvo,3
G?azrs,3
G?D~Rs,3
GG@}ts,3
G?Qzts,3
G?lJjk,3
G?sljk,3
G?Rrts,3
G?Qxzs,3
G?bXzs,3
G?`|rk,3
G?JXzs,3
G?Rpzs,3
G?Fjs{,3
G?H\~g,3
G?D~Vs,3
G?Fjvs,3
G?P|t{,3
G?Qzr{,3
G?JZt{,3
G?P|vk,3
G?Qzv{,3
GGB\ro,3
G_Azvo,3
G?brrs,3
G?_z~g,3
G_?|zw,3
G@?~]w,3
G?brvs,3
G_Azr{,3
GGB\r{,3
G_Azv{,3
G?]Nng,3
G?bzrs,3
G?P~tw,3
G_B|rs,3
G?`~vw,3
G?]Nnk,3
G?br~s,3
G?`~v{,3
G?`z~s,3
G?`zz{,3
G?`z|{,3
G_Azz{,3
G?`z~{,3
G?P|~s,3
G?Fj~s,3
G?Pz|{,3
G?Iz}{,3
G?Qz~{,3
GGB\z{,3
G_Az~{,3
G?Fn~{,3
G?Dzvo,4
G?Dzrs,4
G?Pzp{,3
G?IZzw,3
G?Fbzw,3
G?Dzp{,4
G?EZzw,4
G?Dzvs,4
G?Dzv[,3
G?Dzr{,4
G?Dzt{,4
G?Dzv{,4
G?Ezvo,4
G?H}ts,3
GDCZZ[,4
GBC\Z[,4
GBC]\[,4
G?Iyzs,3
G?Ezu[,3
G?EzvK,3
G?C|zw,4
G?FXzs,4
G?Ezvs,4
G?Ezv[,3
